country,generation,count_exports
AFG,0,9
AGO,0,53
ALB,0,5
ANS,0,54
ANT,0,126
ARG,0,109
AUS,0,67
AUT,0,36
BDI,0,72
BEL,0,154
BEN,0,86
BFA,0,68
BGR,0,19
BHR,0,0
BHS,0,37
BMU,0,168
BOL,0,280
BRA,0,59
BRB,0,22
BRN,0,292
CAF,0,47
CAN,0,0
CHE,0,92
CHL,0,70
CHN,0,217
CIV,0,54
CMR,0,78
COD,0,131
COG,0,0
COL,0,185
COM,0,45
CRI,0,36
CSK,0,86
CUB,0,192
CYP,0,83
DEU,0,12
DJI,0,38
DNK,0,0
DOM,0,30
DZA,0,18
ECU,0,189
EGY,0,29
ESP,0,217
ETH,0,109
FIN,0,267
FJI,0,72
FRA,0,29
GAB,0,24
GBR,0,15
GHA,0,31
GIN,0,123
GLP,0,7
GMB,0,55
GNB,0,94
GNQ,0,0
GRC,0,37
GTM,0,0
GUF,0,15
GUY,0,18
HKG,0,123
HND,0,296
HTI,0,337
HUN,0,58
IDN,0,78
IND,0,237
IRL,0,77
IRN,0,14
IRQ,0,64
ISL,0,126
ISR,0,60
ITA,0,31
JAM,0,285
JOR,0,146
JPN,0,45
KEN,0,145
KHM,0,89
KOR,0,12
KWT,0,317
LAO,0,22
LBN,0,12
LBR,0,12
LBY,0,246
LKA,0,107
MAC,0,66
MAR,0,50
MDG,0,22
MEX,0,0
MLI,0,55
MLT,0,10
MMR,0,7
MNG,0,205
MOZ,0,53
MRT,0,21
MTQ,0,128
MUS,0,0
NCL,0,12
NER,0,47
NGA,0,207
NIC,0,6
NLD,0,88
NOR,0,179
NPL,0,49
NZL,0,200
OMN,0,196
PAK,0,240
PAN,0,18
PCZ,0,94
PER,0,47
PHL,0,2
PNG,0,46
POL,0,139
PRK,0,319
PRT,0,51
PRY,0,203
PYF,0,201
QAT,0,66
REU,0,114
ROU,0,129
RUS,0,55
SAU,0,8
SDN,0,35
SEN,0,167
SGP,0,10
SLE,0,49
SLV,0,177
SOM,0,14
SPM,0,13
SUR,0,47
SWE,0,113
SYR,0,27
TCD,0,164
TGO,0,136
THA,0,136
TLS,0,60
TTO,0,110
TUN,0,113
TUR,0,86
TWN,0,30
UGA,0,143
URY,0,17
USA,0,141
VDR,0,73
VEN,0,60
VNM,0,73
VUT,0,0
WSM,0,66
YEM,0,35
YMD,0,65
YUG,0,17
ZAF,0,39
RWA,0,0
MYS,0,73
AND,0,53
MWI,0,104
TZA,0,36
ZMB,0,77
ZWE,0,15
ARE,0,53
CXR,0,13
STP,0,18
ATG,0,76
BLZ,0,32
CPV,0,250
DMA,0,81
ESH,0,116
FLK,0,20
FRO,0,160
GIB,0,21
GRD,0,99
GRL,0,135
KIR,0,0
KNA,0,21
LCA,0,0
MDV,0,114
NRU,0,97
PCI,0,11
SHN,0,31
SLB,0,272
SYC,0,149
TON,0,206
VCT,0,65
VIR,0,96
CYM,0,25
BGD,0,22
BTN,0,0
MSR,0,183
VGB,0,119
COK,0,31
IOT,0,22
CCK,0,246
NIU,0,36
TCA,0,95
TKL,0,107
TUV,0,0
ABW,0,61
ARM,0,22
ASM,0,65
AZE,0,110
BIH,0,63
BLR,0,26
BWA,0,19
CZE,0,0
ERI,0,0
EST,0,28
FSM,0,39
GEO,0,205
GUM,0,234
HRV,0,208
KAZ,0,78
KGZ,0,0
LSO,0,14
LTU,0,58
LUX,0,64
LVA,0,19
MDA,0,75
MHL,0,202
MKD,0,48
MNE,0,99
MNP,0,42
NAM,0,4
NFK,0,26
PCN,0,44
PLW,0,126
PSE,0,224
SMR,0,17
SRB,0,173
SVK,0,94
SVN,0,59
SWZ,0,185
TJK,0,59
TKM,0,139
UKR,0,300
UZB,0,84
AIA,0,15
ATF,0,65
WLF,0,0
SCG,0,46
UMI,0,55
ATA,0,0
HMD,0,145
MYT,0,18
VAT,0,9
BVT,0,20
SGS,0,19
CUW,0,0
SXM,0,0
SSD,0,242
BES,0,75
BLM,0,141
AFG,1,9
AGO,1,53
ALB,1,5
ANS,1,55
ANT,1,126
ARG,1,110
AUS,1,67
AUT,1,36
BDI,1,74
BEL,1,154
BEN,1,88
BFA,1,68
BGR,1,19
BHR,1,0
BHS,1,37
BMU,1,168
BOL,1,281
BRA,1,59
BRB,1,22
BRN,1,292
CAF,1,47
CAN,1,0
CHE,1,92
CHL,1,70
CHN,1,217
CIV,1,54
CMR,1,78
COD,1,132
COG,1,0
COL,1,187
COM,1,46
CRI,1,36
CSK,1,87
CUB,1,192
CYP,1,83
DEU,1,13
DJI,1,38
DNK,1,0
DOM,1,31
DZA,1,18
ECU,1,189
EGY,1,29
ESP,1,217
ETH,1,109
FIN,1,267
FJI,1,72
FRA,1,29
GAB,1,24
GBR,1,15
GHA,1,34
GIN,1,125
GLP,1,7
GMB,1,56
GNB,1,95
GNQ,1,0
GRC,1,37
GTM,1,0
GUF,1,15
GUY,1,18
HKG,1,124
HND,1,296
HTI,1,337
HUN,1,59
IDN,1,78
IND,1,239
IRL,1,77
IRN,1,14
IRQ,1,64
ISL,1,126
ISR,1,61
ITA,1,31
JAM,1,285
JOR,1,147
JPN,1,45
KEN,1,145
KHM,1,89
KOR,1,12
KWT,1,318
LAO,1,22
LBN,1,13
LBR,1,12
LBY,1,246
LKA,1,107
MAC,1,66
MAR,1,50
MDG,1,22
MEX,1,0
MLI,1,55
MLT,1,10
MMR,1,7
MNG,1,206
MOZ,1,54
MRT,1,21
MTQ,1,128
MUS,1,0
NCL,1,12
NER,1,50
NGA,1,207
NIC,1,6
NLD,1,89
NOR,1,179
NPL,1,51
NZL,1,201
OMN,1,196
PAK,1,240
PAN,1,19
PCZ,1,94
PER,1,47
PHL,1,2
PNG,1,46
POL,1,140
PRK,1,321
PRT,1,53
PRY,1,205
PYF,1,202
QAT,1,66
REU,1,114
ROU,1,130
RUS,1,55
SAU,1,8
SDN,1,36
SEN,1,168
SGP,1,10
SLE,1,50
SLV,1,178
SOM,1,14
SPM,1,13
SUR,1,49
SWE,1,113
SYR,1,28
TCD,1,164
TGO,1,136
THA,1,136
TLS,1,60
TTO,1,110
TUN,1,113
TUR,1,87
TWN,1,31
UGA,1,145
URY,1,17
USA,1,141
VDR,1,74
VEN,1,60
VNM,1,73
VUT,1,0
WSM,1,66
YEM,1,35
YMD,1,67
YUG,1,17
ZAF,1,39
RWA,1,0
MYS,1,73
AND,1,55
MWI,1,105
TZA,1,36
ZMB,1,79
ZWE,1,15
ARE,1,53
CXR,1,13
STP,1,18
ATG,1,77
BLZ,1,32
CPV,1,250
DMA,1,81
ESH,1,116
FLK,1,20
FRO,1,160
GIB,1,22
GRD,1,100
GRL,1,136
KIR,1,0
KNA,1,23
LCA,1,0
MDV,1,114
NRU,1,97
PCI,1,12
SHN,1,31
SLB,1,273
SYC,1,150
TON,1,206
VCT,1,66
VIR,1,96
CYM,1,25
BGD,1,22
BTN,1,0
MSR,1,183
VGB,1,119
COK,1,31
IOT,1,22
CCK,1,247
NIU,1,36
TCA,1,95
TKL,1,107
TUV,1,0
ABW,1,61
ARM,1,22
ASM,1,67
AZE,1,110
BIH,1,65
BLR,1,26
BWA,1,19
CZE,1,0
ERI,1,0
EST,1,28
FSM,1,39
GEO,1,208
GUM,1,234
HRV,1,208
KAZ,1,78
KGZ,1,0
LSO,1,14
LTU,1,59
LUX,1,65
LVA,1,19
MDA,1,75
MHL,1,203
MKD,1,49
MNE,1,100
MNP,1,43
NAM,1,4
NFK,1,26
PCN,1,44
PLW,1,126
PSE,1,224
SMR,1,17
SRB,1,174
SVK,1,94
SVN,1,59
SWZ,1,186
TJK,1,61
TKM,1,140
UKR,1,300
UZB,1,84
AIA,1,15
ATF,1,65
WLF,1,0
SCG,1,46
UMI,1,55
ATA,1,0
HMD,1,145
MYT,1,18
VAT,1,11
BVT,1,20
SGS,1,19
CUW,1,0
SXM,1,0
SSD,1,242
BES,1,75
BLM,1,144
AFG,2,9
AGO,2,53
ALB,2,5
ANS,2,56
ANT,2,126
ARG,2,110
AUS,2,67
AUT,2,36
BDI,2,75
BEL,2,154
BEN,2,89
BFA,2,68
BGR,2,19
BHR,2,0
BHS,2,37
BMU,2,168
BOL,2,282
BRA,2,59
BRB,2,22
BRN,2,292
CAF,2,47
CAN,2,0
CHE,2,92
CHL,2,70
CHN,2,217
CIV,2,54
CMR,2,78
COD,2,133
COG,2,0
COL,2,187
COM,2,46
CRI,2,36
CSK,2,88
CUB,2,192
CYP,2,83
DEU,2,14
DJI,2,38
DNK,2,0
DOM,2,31
DZA,2,18
ECU,2,189
EGY,2,29
ESP,2,217
ETH,2,109
FIN,2,267
FJI,2,72
FRA,2,29
GAB,2,24
GBR,2,15
GHA,2,34
GIN,2,126
GLP,2,7
GMB,2,56
GNB,2,95
GNQ,2,0
GRC,2,37
GTM,2,0
GUF,2,15
GUY,2,18
HKG,2,124
HND,2,296
HTI,2,337
HUN,2,59
IDN,2,78
IND,2,239
IRL,2,77
IRN,2,14
IRQ,2,64
ISL,2,126
ISR,2,61
ITA,2,31
JAM,2,285
JOR,2,148
JPN,2,45
KEN,2,145
KHM,2,89
KOR,2,12
KWT,2,318
LAO,2,22
LBN,2,13
LBR,2,12
LBY,2,246
LKA,2,107
MAC,2,66
MAR,2,50
MDG,2,22
MEX,2,0
MLI,2,55
MLT,2,10
MMR,2,7
MNG,2,206
MOZ,2,55
MRT,2,21
MTQ,2,128
MUS,2,0
NCL,2,12
NER,2,50
NGA,2,207
NIC,2,6
NLD,2,89
NOR,2,179
NPL,2,52
NZL,2,202
OMN,2,196
PAK,2,240
PAN,2,19
PCZ,2,94
PER,2,47
PHL,2,2
PNG,2,46
POL,2,140
PRK,2,321
PRT,2,54
PRY,2,205
PYF,2,202
QAT,2,66
REU,2,114
ROU,2,130
RUS,2,55
SAU,2,8
SDN,2,36
SEN,2,168
SGP,2,10
SLE,2,50
SLV,2,179
SOM,2,14
SPM,2,13
SUR,2,50
SWE,2,113
SYR,2,29
TCD,2,164
TGO,2,136
THA,2,136
TLS,2,60
TTO,2,110
TUN,2,113
TUR,2,87
TWN,2,31
UGA,2,146
URY,2,17
USA,2,141
VDR,2,74
VEN,2,60
VNM,2,73
VUT,2,0
WSM,2,66
YEM,2,35
YMD,2,68
YUG,2,17
ZAF,2,39
RWA,2,0
MYS,2,73
AND,2,56
MWI,2,105
TZA,2,36
ZMB,2,79
ZWE,2,15
ARE,2,53
CXR,2,13
STP,2,18
ATG,2,77
BLZ,2,32
CPV,2,250
DMA,2,81
ESH,2,116
FLK,2,20
FRO,2,160
GIB,2,23
GRD,2,100
GRL,2,136
KIR,2,0
KNA,2,23
LCA,2,0
MDV,2,114
NRU,2,97
PCI,2,12
SHN,2,31
SLB,2,273
SYC,2,150
TON,2,206
VCT,2,66
VIR,2,96
CYM,2,25
BGD,2,22
BTN,2,0
MSR,2,183
VGB,2,119
COK,2,31
IOT,2,22
CCK,2,247
NIU,2,36
TCA,2,95
TKL,2,107
TUV,2,0
ABW,2,61
ARM,2,22
ASM,2,68
AZE,2,110
BIH,2,65
BLR,2,26
BWA,2,19
CZE,2,0
ERI,2,0
EST,2,28
FSM,2,39
GEO,2,210
GUM,2,234
HRV,2,208
KAZ,2,78
KGZ,2,0
LSO,2,14
LTU,2,60
LUX,2,66
LVA,2,19
MDA,2,75
MHL,2,203
MKD,2,49
MNE,2,101
MNP,2,43
NAM,2,4
NFK,2,26
PCN,2,44
PLW,2,126
PSE,2,224
SMR,2,17
SRB,2,174
SVK,2,94
SVN,2,59
SWZ,2,186
TJK,2,61
TKM,2,141
UKR,2,300
UZB,2,84
AIA,2,15
ATF,2,65
WLF,2,0
SCG,2,46
UMI,2,55
ATA,2,0
HMD,2,145
MYT,2,18
VAT,2,11
BVT,2,20
SGS,2,19
CUW,2,0
SXM,2,0
SSD,2,242
BES,2,75
BLM,2,144
AFG,3,9
AGO,3,53
ALB,3,5
ANS,3,56
ANT,3,126
ARG,3,110
AUS,3,67
AUT,3,36
BDI,3,75
BEL,3,154
BEN,3,90
BFA,3,68
BGR,3,19
BHR,3,0
BHS,3,37
BMU,3,168
BOL,3,282
BRA,3,59
BRB,3,22
BRN,3,292
CAF,3,47
CAN,3,0
CHE,3,92
CHL,3,70
CHN,3,217
CIV,3,54
CMR,3,78
COD,3,133
COG,3,0
COL,3,187
COM,3,46
CRI,3,36
CSK,3,88
CUB,3,192
CYP,3,83
DEU,3,14
DJI,3,38
DNK,3,0
DOM,3,31
DZA,3,18
ECU,3,189
EGY,3,29
ESP,3,217
ETH,3,109
FIN,3,267
FJI,3,72
FRA,3,29
GAB,3,24
GBR,3,15
GHA,3,34
GIN,3,126
GLP,3,7
GMB,3,56
GNB,3,95
GNQ,3,0
GRC,3,37
GTM,3,0
GUF,3,15
GUY,3,18
HKG,3,124
HND,3,296
HTI,3,337
HUN,3,59
IDN,3,78
IND,3,239
IRL,3,77
IRN,3,14
IRQ,3,64
ISL,3,126
ISR,3,61
ITA,3,31
JAM,3,285
JOR,3,148
JPN,3,45
KEN,3,145
KHM,3,89
KOR,3,12
KWT,3,318
LAO,3,22
LBN,3,13
LBR,3,12
LBY,3,246
LKA,3,107
MAC,3,66
MAR,3,50
MDG,3,22
MEX,3,0
MLI,3,55
MLT,3,10
MMR,3,7
MNG,3,206
MOZ,3,55
MRT,3,21
MTQ,3,128
MUS,3,0
NCL,3,12
NER,3,50
NGA,3,207
NIC,3,6
NLD,3,89
NOR,3,179
NPL,3,53
NZL,3,202
OMN,3,196
PAK,3,240
PAN,3,19
PCZ,3,94
PER,3,47
PHL,3,2
PNG,3,46
POL,3,140
PRK,3,321
PRT,3,55
PRY,3,205
PYF,3,202
QAT,3,66
REU,3,114
ROU,3,130
RUS,3,55
SAU,3,8
SDN,3,36
SEN,3,168
SGP,3,10
SLE,3,50
SLV,3,179
SOM,3,14
SPM,3,13
SUR,3,50
SWE,3,113
SYR,3,29
TCD,3,164
TGO,3,136
THA,3,136
TLS,3,60
TTO,3,110
TUN,3,113
TUR,3,87
TWN,3,31
UGA,3,146
URY,3,17
USA,3,141
VDR,3,74
VEN,3,60
VNM,3,73
VUT,3,0
WSM,3,66
YEM,3,35
YMD,3,68
YUG,3,17
ZAF,3,39
RWA,3,0
MYS,3,73
AND,3,57
MWI,3,105
TZA,3,36
ZMB,3,79
ZWE,3,15
ARE,3,53
CXR,3,13
STP,3,18
ATG,3,77
BLZ,3,32
CPV,3,250
DMA,3,81
ESH,3,116
FLK,3,20
FRO,3,160
GIB,3,23
GRD,3,100
GRL,3,136
KIR,3,0
KNA,3,23
LCA,3,0
MDV,3,114
NRU,3,97
PCI,3,12
SHN,3,31
SLB,3,273
SYC,3,150
TON,3,206
VCT,3,66
VIR,3,96
CYM,3,25
BGD,3,22
BTN,3,0
MSR,3,183
VGB,3,119
COK,3,31
IOT,3,22
CCK,3,247
NIU,3,36
TCA,3,95
TKL,3,107
TUV,3,0
ABW,3,61
ARM,3,22
ASM,3,69
AZE,3,110
BIH,3,65
BLR,3,26
BWA,3,19
CZE,3,0
ERI,3,0
EST,3,28
FSM,3,39
GEO,3,210
GUM,3,234
HRV,3,208
KAZ,3,78
KGZ,3,0
LSO,3,14
LTU,3,60
LUX,3,66
LVA,3,19
MDA,3,75
MHL,3,203
MKD,3,49
MNE,3,101
MNP,3,43
NAM,3,4
NFK,3,26
PCN,3,44
PLW,3,126
PSE,3,224
SMR,3,17
SRB,3,174
SVK,3,94
SVN,3,59
SWZ,3,186
TJK,3,61
TKM,3,142
UKR,3,300
UZB,3,84
AIA,3,15
ATF,3,65
WLF,3,0
SCG,3,46
UMI,3,55
ATA,3,0
HMD,3,145
MYT,3,18
VAT,3,11
BVT,3,20
SGS,3,19
CUW,3,0
SXM,3,0
SSD,3,242
BES,3,75
BLM,3,144
AFG,4,9
AGO,4,53
ALB,4,5
ANS,4,56
ANT,4,126
ARG,4,110
AUS,4,67
AUT,4,36
BDI,4,75
BEL,4,154
BEN,4,90
BFA,4,68
BGR,4,19
BHR,4,0
BHS,4,37
BMU,4,168
BOL,4,282
BRA,4,59
BRB,4,22
BRN,4,292
CAF,4,47
CAN,4,0
CHE,4,92
CHL,4,70
CHN,4,217
CIV,4,54
CMR,4,78
COD,4,133
COG,4,0
COL,4,187
COM,4,46
CRI,4,36
CSK,4,88
CUB,4,192
CYP,4,83
DEU,4,14
DJI,4,38
DNK,4,0
DOM,4,31
DZA,4,18
ECU,4,189
EGY,4,29
ESP,4,217
ETH,4,109
FIN,4,267
FJI,4,72
FRA,4,29
GAB,4,24
GBR,4,15
GHA,4,34
GIN,4,126
GLP,4,7
GMB,4,56
GNB,4,95
GNQ,4,0
GRC,4,37
GTM,4,0
GUF,4,15
GUY,4,18
HKG,4,124
HND,4,296
HTI,4,337
HUN,4,59
IDN,4,78
IND,4,239
IRL,4,77
IRN,4,14
IRQ,4,64
ISL,4,126
ISR,4,61
ITA,4,31
JAM,4,285
JOR,4,148
JPN,4,45
KEN,4,145
KHM,4,89
KOR,4,12
KWT,4,318
LAO,4,22
LBN,4,13
LBR,4,12
LBY,4,246
LKA,4,107
MAC,4,66
MAR,4,50
MDG,4,22
MEX,4,0
MLI,4,55
MLT,4,10
MMR,4,7
MNG,4,206
MOZ,4,55
MRT,4,21
MTQ,4,128
MUS,4,0
NCL,4,12
NER,4,50
NGA,4,207
NIC,4,6
NLD,4,89
NOR,4,179
NPL,4,53
NZL,4,202
OMN,4,196
PAK,4,240
PAN,4,19
PCZ,4,94
PER,4,47
PHL,4,2
PNG,4,46
POL,4,140
PRK,4,321
PRT,4,55
PRY,4,205
PYF,4,202
QAT,4,66
REU,4,114
ROU,4,130
RUS,4,55
SAU,4,8
SDN,4,36
SEN,4,168
SGP,4,10
SLE,4,50
SLV,4,179
SOM,4,14
SPM,4,13
SUR,4,50
SWE,4,113
SYR,4,29
TCD,4,164
TGO,4,136
THA,4,136
TLS,4,60
TTO,4,110
TUN,4,113
TUR,4,87
TWN,4,31
UGA,4,146
URY,4,17
USA,4,141
VDR,4,74
VEN,4,60
VNM,4,73
VUT,4,0
WSM,4,66
YEM,4,35
YMD,4,68
YUG,4,17
ZAF,4,39
RWA,4,0
MYS,4,73
AND,4,57
MWI,4,105
TZA,4,36
ZMB,4,79
ZWE,4,15
ARE,4,53
CXR,4,13
STP,4,18
ATG,4,77
BLZ,4,32
CPV,4,250
DMA,4,81
ESH,4,116
FLK,4,20
FRO,4,160
GIB,4,23
GRD,4,100
GRL,4,136
KIR,4,0
KNA,4,23
LCA,4,0
MDV,4,114
NRU,4,97
PCI,4,12
SHN,4,31
SLB,4,273
SYC,4,150
TON,4,206
VCT,4,66
VIR,4,96
CYM,4,25
BGD,4,22
BTN,4,0
MSR,4,183
VGB,4,119
COK,4,31
IOT,4,22
CCK,4,247
NIU,4,36
TCA,4,95
TKL,4,107
TUV,4,0
ABW,4,61
ARM,4,22
ASM,4,69
AZE,4,110
BIH,4,65
BLR,4,26
BWA,4,19
CZE,4,0
ERI,4,0
EST,4,28
FSM,4,39
GEO,4,210
GUM,4,234
HRV,4,208
KAZ,4,78
KGZ,4,0
LSO,4,14
LTU,4,60
LUX,4,66
LVA,4,19
MDA,4,75
MHL,4,203
MKD,4,49
MNE,4,101
MNP,4,43
NAM,4,4
NFK,4,26
PCN,4,44
PLW,4,126
PSE,4,224
SMR,4,17
SRB,4,174
SVK,4,94
SVN,4,59
SWZ,4,186
TJK,4,61
TKM,4,142
UKR,4,300
UZB,4,84
AIA,4,15
ATF,4,65
WLF,4,0
SCG,4,46
UMI,4,55
ATA,4,0
HMD,4,145
MYT,4,18
VAT,4,11
BVT,4,20
SGS,4,19
CUW,4,0
SXM,4,0
SSD,4,242
BES,4,75
BLM,4,144
AFG,5,9
AGO,5,53
ALB,5,5
ANS,5,56
ANT,5,126
ARG,5,110
AUS,5,67
AUT,5,36
BDI,5,75
BEL,5,154
BEN,5,90
BFA,5,68
BGR,5,19
BHR,5,0
BHS,5,37
BMU,5,168
BOL,5,282
BRA,5,59
BRB,5,22
BRN,5,292
CAF,5,47
CAN,5,0
CHE,5,92
CHL,5,70
CHN,5,217
CIV,5,54
CMR,5,78
COD,5,133
COG,5,0
COL,5,187
COM,5,46
CRI,5,36
CSK,5,88
CUB,5,192
CYP,5,83
DEU,5,14
DJI,5,38
DNK,5,0
DOM,5,31
DZA,5,18
ECU,5,189
EGY,5,29
ESP,5,217
ETH,5,109
FIN,5,267
FJI,5,72
FRA,5,29
GAB,5,24
GBR,5,15
GHA,5,34
GIN,5,126
GLP,5,7
GMB,5,56
GNB,5,95
GNQ,5,0
GRC,5,37
GTM,5,0
GUF,5,15
GUY,5,18
HKG,5,124
HND,5,296
HTI,5,337
HUN,5,59
IDN,5,78
IND,5,239
IRL,5,77
IRN,5,14
IRQ,5,64
ISL,5,126
ISR,5,61
ITA,5,31
JAM,5,285
JOR,5,148
JPN,5,45
KEN,5,145
KHM,5,89
KOR,5,12
KWT,5,318
LAO,5,22
LBN,5,13
LBR,5,12
LBY,5,246
LKA,5,107
MAC,5,66
MAR,5,50
MDG,5,22
MEX,5,0
MLI,5,55
MLT,5,10
MMR,5,7
MNG,5,206
MOZ,5,55
MRT,5,21
MTQ,5,128
MUS,5,0
NCL,5,12
NER,5,50
NGA,5,207
NIC,5,6
NLD,5,89
NOR,5,179
NPL,5,53
NZL,5,202
OMN,5,196
PAK,5,240
PAN,5,19
PCZ,5,94
PER,5,47
PHL,5,2
PNG,5,46
POL,5,140
PRK,5,321
PRT,5,55
PRY,5,205
PYF,5,202
QAT,5,66
REU,5,114
ROU,5,130
RUS,5,55
SAU,5,8
SDN,5,36
SEN,5,168
SGP,5,10
SLE,5,50
SLV,5,179
SOM,5,14
SPM,5,13
SUR,5,50
SWE,5,113
SYR,5,29
TCD,5,164
TGO,5,136
THA,5,136
TLS,5,60
TTO,5,110
TUN,5,113
TUR,5,87
TWN,5,31
UGA,5,146
URY,5,17
USA,5,141
VDR,5,74
VEN,5,60
VNM,5,73
VUT,5,0
WSM,5,66
YEM,5,35
YMD,5,68
YUG,5,17
ZAF,5,39
RWA,5,0
MYS,5,73
AND,5,57
MWI,5,105
TZA,5,36
ZMB,5,79
ZWE,5,15
ARE,5,53
CXR,5,13
STP,5,18
ATG,5,77
BLZ,5,32
CPV,5,250
DMA,5,81
ESH,5,116
FLK,5,20
FRO,5,160
GIB,5,23
GRD,5,100
GRL,5,136
KIR,5,0
KNA,5,23
LCA,5,0
MDV,5,114
NRU,5,97
PCI,5,12
SHN,5,31
SLB,5,273
SYC,5,150
TON,5,206
VCT,5,66
VIR,5,96
CYM,5,25
BGD,5,22
BTN,5,0
MSR,5,183
VGB,5,119
COK,5,31
IOT,5,22
CCK,5,247
NIU,5,36
TCA,5,95
TKL,5,107
TUV,5,0
ABW,5,61
ARM,5,22
ASM,5,69
AZE,5,110
BIH,5,65
BLR,5,26
BWA,5,19
CZE,5,0
ERI,5,0
EST,5,28
FSM,5,39
GEO,5,210
GUM,5,234
HRV,5,208
KAZ,5,78
KGZ,5,0
LSO,5,14
LTU,5,60
LUX,5,66
LVA,5,19
MDA,5,75
MHL,5,203
MKD,5,49
MNE,5,101
MNP,5,43
NAM,5,4
NFK,5,26
PCN,5,44
PLW,5,126
PSE,5,224
SMR,5,17
SRB,5,174
SVK,5,94
SVN,5,59
SWZ,5,186
TJK,5,61
TKM,5,142
UKR,5,300
UZB,5,84
AIA,5,15
ATF,5,65
WLF,5,0
SCG,5,46
UMI,5,55
ATA,5,0
HMD,5,145
MYT,5,18
VAT,5,11
BVT,5,20
SGS,5,19
CUW,5,0
SXM,5,0
SSD,5,242
BES,5,75
BLM,5,144
AFG,6,9
AGO,6,53
ALB,6,5
ANS,6,56
ANT,6,126
ARG,6,110
AUS,6,67
AUT,6,36
BDI,6,75
BEL,6,154
BEN,6,90
BFA,6,68
BGR,6,19
BHR,6,0
BHS,6,37
BMU,6,168
BOL,6,282
BRA,6,59
BRB,6,22
BRN,6,292
CAF,6,47
CAN,6,0
CHE,6,92
CHL,6,70
CHN,6,217
CIV,6,54
CMR,6,78
COD,6,133
COG,6,0
COL,6,187
COM,6,46
CRI,6,36
CSK,6,88
CUB,6,192
CYP,6,83
DEU,6,14
DJI,6,38
DNK,6,0
DOM,6,31
DZA,6,18
ECU,6,189
EGY,6,29
ESP,6,217
ETH,6,109
FIN,6,267
FJI,6,72
FRA,6,29
GAB,6,24
GBR,6,15
GHA,6,34
GIN,6,126
GLP,6,7
GMB,6,56
GNB,6,95
GNQ,6,0
GRC,6,37
GTM,6,0
GUF,6,15
GUY,6,18
HKG,6,124
HND,6,296
HTI,6,337
HUN,6,59
IDN,6,78
IND,6,239
IRL,6,77
IRN,6,14
IRQ,6,64
ISL,6,126
ISR,6,61
ITA,6,31
JAM,6,285
JOR,6,148
JPN,6,45
KEN,6,145
KHM,6,89
KOR,6,12
KWT,6,318
LAO,6,22
LBN,6,13
LBR,6,12
LBY,6,246
LKA,6,107
MAC,6,66
MAR,6,50
MDG,6,22
MEX,6,0
MLI,6,55
MLT,6,10
MMR,6,7
MNG,6,206
MOZ,6,55
MRT,6,21
MTQ,6,128
MUS,6,0
NCL,6,12
NER,6,50
NGA,6,207
NIC,6,6
NLD,6,89
NOR,6,179
NPL,6,53
NZL,6,202
OMN,6,196
PAK,6,240
PAN,6,19
PCZ,6,94
PER,6,47
PHL,6,2
PNG,6,46
POL,6,140
PRK,6,321
PRT,6,55
PRY,6,205
PYF,6,202
QAT,6,66
REU,6,114
ROU,6,130
RUS,6,55
SAU,6,8
SDN,6,36
SEN,6,168
SGP,6,10
SLE,6,50
SLV,6,179
SOM,6,14
SPM,6,13
SUR,6,50
SWE,6,113
SYR,6,29
TCD,6,164
TGO,6,136
THA,6,136
TLS,6,60
TTO,6,110
TUN,6,113
TUR,6,87
TWN,6,31
UGA,6,146
URY,6,17
USA,6,141
VDR,6,74
VEN,6,60
VNM,6,73
VUT,6,0
WSM,6,66
YEM,6,35
YMD,6,68
YUG,6,17
ZAF,6,39
RWA,6,0
MYS,6,73
AND,6,57
MWI,6,105
TZA,6,36
ZMB,6,79
ZWE,6,15
ARE,6,53
CXR,6,13
STP,6,18
ATG,6,77
BLZ,6,32
CPV,6,250
DMA,6,81
ESH,6,116
FLK,6,20
FRO,6,160
GIB,6,23
GRD,6,100
GRL,6,136
KIR,6,0
KNA,6,23
LCA,6,0
MDV,6,114
NRU,6,97
PCI,6,12
SHN,6,31
SLB,6,273
SYC,6,150
TON,6,206
VCT,6,66
VIR,6,96
CYM,6,25
BGD,6,22
BTN,6,0
MSR,6,183
VGB,6,119
COK,6,31
IOT,6,22
CCK,6,247
NIU,6,36
TCA,6,95
TKL,6,107
TUV,6,0
ABW,6,61
ARM,6,22
ASM,6,69
AZE,6,110
BIH,6,65
BLR,6,26
BWA,6,19
CZE,6,0
ERI,6,0
EST,6,28
FSM,6,39
GEO,6,210
GUM,6,234
HRV,6,208
KAZ,6,78
KGZ,6,0
LSO,6,14
LTU,6,60
LUX,6,66
LVA,6,19
MDA,6,75
MHL,6,203
MKD,6,49
MNE,6,101
MNP,6,43
NAM,6,4
NFK,6,26
PCN,6,44
PLW,6,126
PSE,6,224
SMR,6,17
SRB,6,174
SVK,6,94
SVN,6,59
SWZ,6,186
TJK,6,61
TKM,6,142
UKR,6,300
UZB,6,84
AIA,6,15
ATF,6,65
WLF,6,0
SCG,6,46
UMI,6,55
ATA,6,0
HMD,6,145
MYT,6,18
VAT,6,11
BVT,6,20
SGS,6,19
CUW,6,0
SXM,6,0
SSD,6,242
BES,6,75
BLM,6,144
AFG,7,9
AGO,7,53
ALB,7,5
ANS,7,56
ANT,7,126
ARG,7,110
AUS,7,67
AUT,7,36
BDI,7,75
BEL,7,154
BEN,7,90
BFA,7,68
BGR,7,19
BHR,7,0
BHS,7,37
BMU,7,168
BOL,7,282
BRA,7,59
BRB,7,22
BRN,7,292
CAF,7,47
CAN,7,0
CHE,7,92
CHL,7,70
CHN,7,217
CIV,7,54
CMR,7,78
COD,7,133
COG,7,0
COL,7,187
COM,7,46
CRI,7,36
CSK,7,88
CUB,7,192
CYP,7,83
DEU,7,14
DJI,7,38
DNK,7,0
DOM,7,31
DZA,7,18
ECU,7,189
EGY,7,29
ESP,7,217
ETH,7,109
FIN,7,267
FJI,7,72
FRA,7,29
GAB,7,24
GBR,7,15
GHA,7,34
GIN,7,126
GLP,7,7
GMB,7,56
GNB,7,95
GNQ,7,0
GRC,7,37
GTM,7,0
GUF,7,15
GUY,7,18
HKG,7,124
HND,7,296
HTI,7,337
HUN,7,59
IDN,7,78
IND,7,239
IRL,7,77
IRN,7,14
IRQ,7,64
ISL,7,126
ISR,7,61
ITA,7,31
JAM,7,285
JOR,7,148
JPN,7,45
KEN,7,145
KHM,7,89
KOR,7,12
KWT,7,318
LAO,7,22
LBN,7,13
LBR,7,12
LBY,7,246
LKA,7,107
MAC,7,66
MAR,7,50
MDG,7,22
MEX,7,0
MLI,7,55
MLT,7,10
MMR,7,7
MNG,7,206
MOZ,7,55
MRT,7,21
MTQ,7,128
MUS,7,0
NCL,7,12
NER,7,50
NGA,7,207
NIC,7,6
NLD,7,89
NOR,7,179
NPL,7,53
NZL,7,202
OMN,7,196
PAK,7,240
PAN,7,19
PCZ,7,94
PER,7,47
PHL,7,2
PNG,7,46
POL,7,140
PRK,7,321
PRT,7,55
PRY,7,205
PYF,7,202
QAT,7,66
REU,7,114
ROU,7,130
RUS,7,55
SAU,7,8
SDN,7,36
SEN,7,168
SGP,7,10
SLE,7,50
SLV,7,179
SOM,7,14
SPM,7,13
SUR,7,50
SWE,7,113
SYR,7,29
TCD,7,164
TGO,7,136
THA,7,136
TLS,7,60
TTO,7,110
TUN,7,113
TUR,7,87
TWN,7,31
UGA,7,146
URY,7,17
USA,7,141
VDR,7,74
VEN,7,60
VNM,7,73
VUT,7,0
WSM,7,66
YEM,7,35
YMD,7,68
YUG,7,17
ZAF,7,39
RWA,7,0
MYS,7,73
AND,7,57
MWI,7,105
TZA,7,36
ZMB,7,79
ZWE,7,15
ARE,7,53
CXR,7,13
STP,7,18
ATG,7,77
BLZ,7,32
CPV,7,250
DMA,7,81
ESH,7,116
FLK,7,20
FRO,7,160
GIB,7,23
GRD,7,100
GRL,7,136
KIR,7,0
KNA,7,23
LCA,7,0
MDV,7,114
NRU,7,97
PCI,7,12
SHN,7,31
SLB,7,273
SYC,7,150
TON,7,206
VCT,7,66
VIR,7,96
CYM,7,25
BGD,7,22
BTN,7,0
MSR,7,183
VGB,7,119
COK,7,31
IOT,7,22
CCK,7,247
NIU,7,36
TCA,7,95
TKL,7,107
TUV,7,0
ABW,7,61
ARM,7,22
ASM,7,69
AZE,7,110
BIH,7,65
BLR,7,26
BWA,7,19
CZE,7,0
ERI,7,0
EST,7,28
FSM,7,39
GEO,7,210
GUM,7,234
HRV,7,208
KAZ,7,78
KGZ,7,0
LSO,7,14
LTU,7,60
LUX,7,66
LVA,7,19
MDA,7,75
MHL,7,203
MKD,7,49
MNE,7,101
MNP,7,43
NAM,7,4
NFK,7,26
PCN,7,44
PLW,7,126
PSE,7,224
SMR,7,17
SRB,7,174
SVK,7,94
SVN,7,59
SWZ,7,186
TJK,7,61
TKM,7,142
UKR,7,300
UZB,7,84
AIA,7,15
ATF,7,65
WLF,7,0
SCG,7,46
UMI,7,55
ATA,7,0
HMD,7,145
MYT,7,18
VAT,7,11
BVT,7,20
SGS,7,19
CUW,7,0
SXM,7,0
SSD,7,242
BES,7,75
BLM,7,144
AFG,8,9
AGO,8,53
ALB,8,5
ANS,8,56
ANT,8,126
ARG,8,110
AUS,8,67
AUT,8,36
BDI,8,75
BEL,8,154
BEN,8,90
BFA,8,68
BGR,8,19
BHR,8,0
BHS,8,37
BMU,8,168
BOL,8,282
BRA,8,59
BRB,8,22
BRN,8,292
CAF,8,47
CAN,8,0
CHE,8,92
CHL,8,70
CHN,8,217
CIV,8,54
CMR,8,78
COD,8,133
COG,8,0
COL,8,187
COM,8,46
CRI,8,36
CSK,8,88
CUB,8,192
CYP,8,83
DEU,8,14
DJI,8,38
DNK,8,0
DOM,8,31
DZA,8,18
ECU,8,189
EGY,8,29
ESP,8,217
ETH,8,109
FIN,8,267
FJI,8,72
FRA,8,29
GAB,8,24
GBR,8,15
GHA,8,34
GIN,8,126
GLP,8,7
GMB,8,56
GNB,8,95
GNQ,8,0
GRC,8,37
GTM,8,0
GUF,8,15
GUY,8,18
HKG,8,124
HND,8,296
HTI,8,337
HUN,8,59
IDN,8,78
IND,8,239
IRL,8,77
IRN,8,14
IRQ,8,64
ISL,8,126
ISR,8,61
ITA,8,31
JAM,8,285
JOR,8,148
JPN,8,45
KEN,8,145
KHM,8,89
KOR,8,12
KWT,8,318
LAO,8,22
LBN,8,13
LBR,8,12
LBY,8,246
LKA,8,107
MAC,8,66
MAR,8,50
MDG,8,22
MEX,8,0
MLI,8,55
MLT,8,10
MMR,8,7
MNG,8,206
MOZ,8,55
MRT,8,21
MTQ,8,128
MUS,8,0
NCL,8,12
NER,8,50
NGA,8,207
NIC,8,6
NLD,8,89
NOR,8,179
NPL,8,53
NZL,8,202
OMN,8,196
PAK,8,240
PAN,8,19
PCZ,8,94
PER,8,47
PHL,8,2
PNG,8,46
POL,8,140
PRK,8,321
PRT,8,55
PRY,8,205
PYF,8,202
QAT,8,66
REU,8,114
ROU,8,130
RUS,8,55
SAU,8,8
SDN,8,36
SEN,8,168
SGP,8,10
SLE,8,50
SLV,8,179
SOM,8,14
SPM,8,13
SUR,8,50
SWE,8,113
SYR,8,29
TCD,8,164
TGO,8,136
THA,8,136
TLS,8,60
TTO,8,110
TUN,8,113
TUR,8,87
TWN,8,31
UGA,8,146
URY,8,17
USA,8,141
VDR,8,74
VEN,8,60
VNM,8,73
VUT,8,0
WSM,8,66
YEM,8,35
YMD,8,68
YUG,8,17
ZAF,8,39
RWA,8,0
MYS,8,73
AND,8,57
MWI,8,105
TZA,8,36
ZMB,8,79
ZWE,8,15
ARE,8,53
CXR,8,13
STP,8,18
ATG,8,77
BLZ,8,32
CPV,8,250
DMA,8,81
ESH,8,116
FLK,8,20
FRO,8,160
GIB,8,23
GRD,8,100
GRL,8,136
KIR,8,0
KNA,8,23
LCA,8,0
MDV,8,114
NRU,8,97
PCI,8,12
SHN,8,31
SLB,8,273
SYC,8,150
TON,8,206
VCT,8,66
VIR,8,96
CYM,8,25
BGD,8,22
BTN,8,0
MSR,8,183
VGB,8,119
COK,8,31
IOT,8,22
CCK,8,247
NIU,8,36
TCA,8,95
TKL,8,107
TUV,8,0
ABW,8,61
ARM,8,22
ASM,8,69
AZE,8,110
BIH,8,65
BLR,8,26
BWA,8,19
CZE,8,0
ERI,8,0
EST,8,28
FSM,8,39
GEO,8,210
GUM,8,234
HRV,8,208
KAZ,8,78
KGZ,8,0
LSO,8,14
LTU,8,60
LUX,8,66
LVA,8,19
MDA,8,75
MHL,8,203
MKD,8,49
MNE,8,101
MNP,8,43
NAM,8,4
NFK,8,26
PCN,8,44
PLW,8,126
PSE,8,224
SMR,8,17
SRB,8,174
SVK,8,94
SVN,8,59
SWZ,8,186
TJK,8,61
TKM,8,142
UKR,8,300
UZB,8,84
AIA,8,15
ATF,8,65
WLF,8,0
SCG,8,46
UMI,8,55
ATA,8,0
HMD,8,145
MYT,8,18
VAT,8,11
BVT,8,20
SGS,8,19
CUW,8,0
SXM,8,0
SSD,8,242
BES,8,75
BLM,8,144
AFG,9,9
AGO,9,53
ALB,9,5
ANS,9,56
ANT,9,126
ARG,9,110
AUS,9,67
AUT,9,36
BDI,9,75
BEL,9,154
BEN,9,90
BFA,9,68
BGR,9,19
BHR,9,0
BHS,9,37
BMU,9,168
BOL,9,282
BRA,9,59
BRB,9,22
BRN,9,292
CAF,9,47
CAN,9,0
CHE,9,92
CHL,9,70
CHN,9,217
CIV,9,54
CMR,9,78
COD,9,133
COG,9,0
COL,9,187
COM,9,46
CRI,9,36
CSK,9,88
CUB,9,192
CYP,9,83
DEU,9,14
DJI,9,38
DNK,9,0
DOM,9,31
DZA,9,18
ECU,9,189
EGY,9,29
ESP,9,217
ETH,9,109
FIN,9,267
FJI,9,72
FRA,9,29
GAB,9,24
GBR,9,15
GHA,9,34
GIN,9,126
GLP,9,7
GMB,9,56
GNB,9,95
GNQ,9,0
GRC,9,37
GTM,9,0
GUF,9,15
GUY,9,18
HKG,9,124
HND,9,296
HTI,9,337
HUN,9,59
IDN,9,78
IND,9,239
IRL,9,77
IRN,9,14
IRQ,9,64
ISL,9,126
ISR,9,61
ITA,9,31
JAM,9,285
JOR,9,148
JPN,9,45
KEN,9,145
KHM,9,89
KOR,9,12
KWT,9,318
LAO,9,22
LBN,9,13
LBR,9,12
LBY,9,246
LKA,9,107
MAC,9,66
MAR,9,50
MDG,9,22
MEX,9,0
MLI,9,55
MLT,9,10
MMR,9,7
MNG,9,206
MOZ,9,55
MRT,9,21
MTQ,9,128
MUS,9,0
NCL,9,12
NER,9,50
NGA,9,207
NIC,9,6
NLD,9,89
NOR,9,179
NPL,9,53
NZL,9,202
OMN,9,196
PAK,9,240
PAN,9,19
PCZ,9,94
PER,9,47
PHL,9,2
PNG,9,46
POL,9,140
PRK,9,321
PRT,9,55
PRY,9,205
PYF,9,202
QAT,9,66
REU,9,114
ROU,9,130
RUS,9,55
SAU,9,8
SDN,9,36
SEN,9,168
SGP,9,10
SLE,9,50
SLV,9,179
SOM,9,14
SPM,9,13
SUR,9,50
SWE,9,113
SYR,9,29
TCD,9,164
TGO,9,136
THA,9,136
TLS,9,60
TTO,9,110
TUN,9,113
TUR,9,87
TWN,9,31
UGA,9,146
URY,9,17
USA,9,141
VDR,9,74
VEN,9,60
VNM,9,73
VUT,9,0
WSM,9,66
YEM,9,35
YMD,9,68
YUG,9,17
ZAF,9,39
RWA,9,0
MYS,9,73
AND,9,57
MWI,9,105
TZA,9,36
ZMB,9,79
ZWE,9,15
ARE,9,53
CXR,9,13
STP,9,18
ATG,9,77
BLZ,9,32
CPV,9,250
DMA,9,81
ESH,9,116
FLK,9,20
FRO,9,160
GIB,9,23
GRD,9,100
GRL,9,136
KIR,9,0
KNA,9,23
LCA,9,0
MDV,9,114
NRU,9,97
PCI,9,12
SHN,9,31
SLB,9,273
SYC,9,150
TON,9,206
VCT,9,66
VIR,9,96
CYM,9,25
BGD,9,22
BTN,9,0
MSR,9,183
VGB,9,119
COK,9,31
IOT,9,22
CCK,9,247
NIU,9,36
TCA,9,95
TKL,9,107
TUV,9,0
ABW,9,61
ARM,9,22
ASM,9,69
AZE,9,110
BIH,9,65
BLR,9,26
BWA,9,19
CZE,9,0
ERI,9,0
EST,9,28
FSM,9,39
GEO,9,210
GUM,9,234
HRV,9,208
KAZ,9,78
KGZ,9,0
LSO,9,14
LTU,9,60
LUX,9,66
LVA,9,19
MDA,9,75
MHL,9,203
MKD,9,49
MNE,9,101
MNP,9,43
NAM,9,4
NFK,9,26
PCN,9,44
PLW,9,126
PSE,9,224
SMR,9,17
SRB,9,174
SVK,9,94
SVN,9,59
SWZ,9,186
TJK,9,61
TKM,9,142
UKR,9,300
UZB,9,84
AIA,9,15
ATF,9,65
WLF,9,0
SCG,9,46
UMI,9,55
ATA,9,0
HMD,9,145
MYT,9,18
VAT,9,11
BVT,9,20
SGS,9,19
CUW,9,0
SXM,9,0
SSD,9,242
BES,9,75
BLM,9,144
AFG,10,9
AGO,10,53
ALB,10,5
ANS,10,56
ANT,10,126
ARG,10,110
AUS,10,67
AUT,10,36
BDI,10,75
BEL,10,154
BEN,10,90
BFA,10,68
BGR,10,19
BHR,10,0
BHS,10,37
BMU,10,168
BOL,10,282
BRA,10,59
BRB,10,22
BRN,10,292
CAF,10,47
CAN,10,0
CHE,10,92
CHL,10,70
CHN,10,217
CIV,10,54
CMR,10,78
COD,10,133
COG,10,0
COL,10,187
COM,10,46
CRI,10,36
CSK,10,88
CUB,10,192
CYP,10,83
DEU,10,14
DJI,10,38
DNK,10,0
DOM,10,31
DZA,10,18
ECU,10,189
EGY,10,29
ESP,10,217
ETH,10,109
FIN,10,267
FJI,10,72
FRA,10,29
GAB,10,24
GBR,10,15
GHA,10,34
GIN,10,126
GLP,10,7
GMB,10,56
GNB,10,95
GNQ,10,0
GRC,10,37
GTM,10,0
GUF,10,15
GUY,10,18
HKG,10,124
HND,10,296
HTI,10,337
HUN,10,59
IDN,10,78
IND,10,239
IRL,10,77
IRN,10,14
IRQ,10,64
ISL,10,126
ISR,10,61
ITA,10,31
JAM,10,285
JOR,10,148
JPN,10,45
KEN,10,145
KHM,10,89
KOR,10,12
KWT,10,318
LAO,10,22
LBN,10,13
LBR,10,12
LBY,10,246
LKA,10,107
MAC,10,66
MAR,10,50
MDG,10,22
MEX,10,0
MLI,10,55
MLT,10,10
MMR,10,7
MNG,10,206
MOZ,10,55
MRT,10,21
MTQ,10,128
MUS,10,0
NCL,10,12
NER,10,50
NGA,10,207
NIC,10,6
NLD,10,89
NOR,10,179
NPL,10,53
NZL,10,202
OMN,10,196
PAK,10,240
PAN,10,19
PCZ,10,94
PER,10,47
PHL,10,2
PNG,10,46
POL,10,140
PRK,10,321
PRT,10,55
PRY,10,205
PYF,10,202
QAT,10,66
REU,10,114
ROU,10,130
RUS,10,55
SAU,10,8
SDN,10,36
SEN,10,168
SGP,10,10
SLE,10,50
SLV,10,179
SOM,10,14
SPM,10,13
SUR,10,50
SWE,10,113
SYR,10,29
TCD,10,164
TGO,10,136
THA,10,136
TLS,10,60
TTO,10,110
TUN,10,113
TUR,10,87
TWN,10,31
UGA,10,146
URY,10,17
USA,10,141
VDR,10,74
VEN,10,60
VNM,10,73
VUT,10,0
WSM,10,66
YEM,10,35
YMD,10,68
YUG,10,17
ZAF,10,39
RWA,10,0
MYS,10,73
AND,10,57
MWI,10,105
TZA,10,36
ZMB,10,79
ZWE,10,15
ARE,10,53
CXR,10,13
STP,10,18
ATG,10,77
BLZ,10,32
CPV,10,250
DMA,10,81
ESH,10,116
FLK,10,20
FRO,10,160
GIB,10,23
GRD,10,100
GRL,10,136
KIR,10,0
KNA,10,23
LCA,10,0
MDV,10,114
NRU,10,97
PCI,10,12
SHN,10,31
SLB,10,273
SYC,10,150
TON,10,206
VCT,10,66
VIR,10,96
CYM,10,25
BGD,10,22
BTN,10,0
MSR,10,183
VGB,10,119
COK,10,31
IOT,10,22
CCK,10,247
NIU,10,36
TCA,10,95
TKL,10,107
TUV,10,0
ABW,10,61
ARM,10,22
ASM,10,69
AZE,10,110
BIH,10,65
BLR,10,26
BWA,10,19
CZE,10,0
ERI,10,0
EST,10,28
FSM,10,39
GEO,10,210
GUM,10,234
HRV,10,208
KAZ,10,78
KGZ,10,0
LSO,10,14
LTU,10,60
LUX,10,66
LVA,10,19
MDA,10,75
MHL,10,203
MKD,10,49
MNE,10,101
MNP,10,43
NAM,10,4
NFK,10,26
PCN,10,44
PLW,10,126
PSE,10,224
SMR,10,17
SRB,10,174
SVK,10,94
SVN,10,59
SWZ,10,186
TJK,10,61
TKM,10,142
UKR,10,300
UZB,10,84
AIA,10,15
ATF,10,65
WLF,10,0
SCG,10,46
UMI,10,55
ATA,10,0
HMD,10,145
MYT,10,18
VAT,10,11
BVT,10,20
SGS,10,19
CUW,10,0
SXM,10,0
SSD,10,242
BES,10,75
BLM,10,144
AFG,11,9
AGO,11,53
ALB,11,5
ANS,11,56
ANT,11,126
ARG,11,110
AUS,11,67
AUT,11,36
BDI,11,75
BEL,11,154
BEN,11,90
BFA,11,68
BGR,11,19
BHR,11,0
BHS,11,37
BMU,11,168
BOL,11,282
BRA,11,59
BRB,11,22
BRN,11,292
CAF,11,47
CAN,11,0
CHE,11,92
CHL,11,70
CHN,11,217
CIV,11,54
CMR,11,78
COD,11,133
COG,11,0
COL,11,187
COM,11,46
CRI,11,36
CSK,11,88
CUB,11,192
CYP,11,83
DEU,11,14
DJI,11,38
DNK,11,0
DOM,11,31
DZA,11,18
ECU,11,189
EGY,11,29
ESP,11,217
ETH,11,109
FIN,11,267
FJI,11,72
FRA,11,29
GAB,11,24
GBR,11,15
GHA,11,34
GIN,11,126
GLP,11,7
GMB,11,56
GNB,11,95
GNQ,11,0
GRC,11,37
GTM,11,0
GUF,11,15
GUY,11,18
HKG,11,124
HND,11,296
HTI,11,337
HUN,11,59
IDN,11,78
IND,11,239
IRL,11,77
IRN,11,14
IRQ,11,64
ISL,11,126
ISR,11,61
ITA,11,31
JAM,11,285
JOR,11,148
JPN,11,45
KEN,11,145
KHM,11,89
KOR,11,12
KWT,11,318
LAO,11,22
LBN,11,13
LBR,11,12
LBY,11,246
LKA,11,107
MAC,11,66
MAR,11,50
MDG,11,22
MEX,11,0
MLI,11,55
MLT,11,10
MMR,11,7
MNG,11,206
MOZ,11,55
MRT,11,21
MTQ,11,128
MUS,11,0
NCL,11,12
NER,11,50
NGA,11,207
NIC,11,6
NLD,11,89
NOR,11,179
NPL,11,53
NZL,11,202
OMN,11,196
PAK,11,240
PAN,11,19
PCZ,11,94
PER,11,47
PHL,11,2
PNG,11,46
POL,11,140
PRK,11,321
PRT,11,55
PRY,11,205
PYF,11,202
QAT,11,66
REU,11,114
ROU,11,130
RUS,11,55
SAU,11,8
SDN,11,36
SEN,11,168
SGP,11,10
SLE,11,50
SLV,11,179
SOM,11,14
SPM,11,13
SUR,11,50
SWE,11,113
SYR,11,29
TCD,11,164
TGO,11,136
THA,11,136
TLS,11,60
TTO,11,110
TUN,11,113
TUR,11,87
TWN,11,31
UGA,11,146
URY,11,17
USA,11,141
VDR,11,74
VEN,11,60
VNM,11,73
VUT,11,0
WSM,11,66
YEM,11,35
YMD,11,68
YUG,11,17
ZAF,11,39
RWA,11,0
MYS,11,73
AND,11,57
MWI,11,105
TZA,11,36
ZMB,11,79
ZWE,11,15
ARE,11,53
CXR,11,13
STP,11,18
ATG,11,77
BLZ,11,32
CPV,11,250
DMA,11,81
ESH,11,116
FLK,11,20
FRO,11,160
GIB,11,23
GRD,11,100
GRL,11,136
KIR,11,0
KNA,11,23
LCA,11,0
MDV,11,114
NRU,11,97
PCI,11,12
SHN,11,31
SLB,11,273
SYC,11,150
TON,11,206
VCT,11,66
VIR,11,96
CYM,11,25
BGD,11,22
BTN,11,0
MSR,11,183
VGB,11,119
COK,11,31
IOT,11,22
CCK,11,247
NIU,11,36
TCA,11,95
TKL,11,107
TUV,11,0
ABW,11,61
ARM,11,22
ASM,11,69
AZE,11,110
BIH,11,65
BLR,11,26
BWA,11,19
CZE,11,0
ERI,11,0
EST,11,28
FSM,11,39
GEO,11,210
GUM,11,234
HRV,11,208
KAZ,11,78
KGZ,11,0
LSO,11,14
LTU,11,60
LUX,11,66
LVA,11,19
MDA,11,75
MHL,11,203
MKD,11,49
MNE,11,101
MNP,11,43
NAM,11,4
NFK,11,26
PCN,11,44
PLW,11,126
PSE,11,224
SMR,11,17
SRB,11,174
SVK,11,94
SVN,11,59
SWZ,11,186
TJK,11,61
TKM,11,142
UKR,11,300
UZB,11,84
AIA,11,15
ATF,11,65
WLF,11,0
SCG,11,46
UMI,11,55
ATA,11,0
HMD,11,145
MYT,11,18
VAT,11,11
BVT,11,20
SGS,11,19
CUW,11,0
SXM,11,0
SSD,11,242
BES,11,75
BLM,11,144
AFG,12,9
AGO,12,53
ALB,12,5
ANS,12,56
ANT,12,126
ARG,12,110
AUS,12,67
AUT,12,36
BDI,12,75
BEL,12,154
BEN,12,90
BFA,12,68
BGR,12,19
BHR,12,0
BHS,12,37
BMU,12,168
BOL,12,282
BRA,12,59
BRB,12,22
BRN,12,292
CAF,12,47
CAN,12,0
CHE,12,92
CHL,12,70
CHN,12,217
CIV,12,54
CMR,12,78
COD,12,133
COG,12,0
COL,12,187
COM,12,46
CRI,12,36
CSK,12,88
CUB,12,192
CYP,12,83
DEU,12,14
DJI,12,38
DNK,12,0
DOM,12,31
DZA,12,18
ECU,12,189
EGY,12,29
ESP,12,217
ETH,12,109
FIN,12,267
FJI,12,72
FRA,12,29
GAB,12,24
GBR,12,15
GHA,12,34
GIN,12,126
GLP,12,7
GMB,12,56
GNB,12,95
GNQ,12,0
GRC,12,37
GTM,12,0
GUF,12,15
GUY,12,18
HKG,12,124
HND,12,296
HTI,12,337
HUN,12,59
IDN,12,78
IND,12,239
IRL,12,77
IRN,12,14
IRQ,12,64
ISL,12,126
ISR,12,61
ITA,12,31
JAM,12,285
JOR,12,148
JPN,12,45
KEN,12,145
KHM,12,89
KOR,12,12
KWT,12,318
LAO,12,22
LBN,12,13
LBR,12,12
LBY,12,246
LKA,12,107
MAC,12,66
MAR,12,50
MDG,12,22
MEX,12,0
MLI,12,55
MLT,12,10
MMR,12,7
MNG,12,206
MOZ,12,55
MRT,12,21
MTQ,12,128
MUS,12,0
NCL,12,12
NER,12,50
NGA,12,207
NIC,12,6
NLD,12,89
NOR,12,179
NPL,12,53
NZL,12,202
OMN,12,196
PAK,12,240
PAN,12,19
PCZ,12,94
PER,12,47
PHL,12,2
PNG,12,46
POL,12,140
PRK,12,321
PRT,12,55
PRY,12,205
PYF,12,202
QAT,12,66
REU,12,114
ROU,12,130
RUS,12,55
SAU,12,8
SDN,12,36
SEN,12,168
SGP,12,10
SLE,12,50
SLV,12,179
SOM,12,14
SPM,12,13
SUR,12,50
SWE,12,113
SYR,12,29
TCD,12,164
TGO,12,136
THA,12,136
TLS,12,60
TTO,12,110
TUN,12,113
TUR,12,87
TWN,12,31
UGA,12,146
URY,12,17
USA,12,141
VDR,12,74
VEN,12,60
VNM,12,73
VUT,12,0
WSM,12,66
YEM,12,35
YMD,12,68
YUG,12,17
ZAF,12,39
RWA,12,0
MYS,12,73
AND,12,57
MWI,12,105
TZA,12,36
ZMB,12,79
ZWE,12,15
ARE,12,53
CXR,12,13
STP,12,18
ATG,12,77
BLZ,12,32
CPV,12,250
DMA,12,81
ESH,12,116
FLK,12,20
FRO,12,160
GIB,12,23
GRD,12,100
GRL,12,136
KIR,12,0
KNA,12,23
LCA,12,0
MDV,12,114
NRU,12,97
PCI,12,12
SHN,12,31
SLB,12,273
SYC,12,150
TON,12,206
VCT,12,66
VIR,12,96
CYM,12,25
BGD,12,22
BTN,12,0
MSR,12,183
VGB,12,119
COK,12,31
IOT,12,22
CCK,12,247
NIU,12,36
TCA,12,95
TKL,12,107
TUV,12,0
ABW,12,61
ARM,12,22
ASM,12,69
AZE,12,110
BIH,12,65
BLR,12,26
BWA,12,19
CZE,12,0
ERI,12,0
EST,12,28
FSM,12,39
GEO,12,210
GUM,12,234
HRV,12,208
KAZ,12,78
KGZ,12,0
LSO,12,14
LTU,12,60
LUX,12,66
LVA,12,19
MDA,12,75
MHL,12,203
MKD,12,49
MNE,12,101
MNP,12,43
NAM,12,4
NFK,12,26
PCN,12,44
PLW,12,126
PSE,12,224
SMR,12,17
SRB,12,174
SVK,12,94
SVN,12,59
SWZ,12,186
TJK,12,61
TKM,12,142
UKR,12,300
UZB,12,84
AIA,12,15
ATF,12,65
WLF,12,0
SCG,12,46
UMI,12,55
ATA,12,0
HMD,12,145
MYT,12,18
VAT,12,11
BVT,12,20
SGS,12,19
CUW,12,0
SXM,12,0
SSD,12,242
BES,12,75
BLM,12,144
AFG,13,9
AGO,13,53
ALB,13,5
ANS,13,56
ANT,13,126
ARG,13,110
AUS,13,67
AUT,13,36
BDI,13,75
BEL,13,154
BEN,13,90
BFA,13,68
BGR,13,19
BHR,13,0
BHS,13,37
BMU,13,168
BOL,13,282
BRA,13,59
BRB,13,22
BRN,13,292
CAF,13,47
CAN,13,0
CHE,13,92
CHL,13,70
CHN,13,217
CIV,13,54
CMR,13,78
COD,13,133
COG,13,0
COL,13,187
COM,13,46
CRI,13,36
CSK,13,88
CUB,13,192
CYP,13,83
DEU,13,14
DJI,13,38
DNK,13,0
DOM,13,31
DZA,13,18
ECU,13,189
EGY,13,29
ESP,13,217
ETH,13,109
FIN,13,267
FJI,13,72
FRA,13,29
GAB,13,24
GBR,13,15
GHA,13,34
GIN,13,126
GLP,13,7
GMB,13,56
GNB,13,95
GNQ,13,0
GRC,13,37
GTM,13,0
GUF,13,15
GUY,13,18
HKG,13,124
HND,13,296
HTI,13,337
HUN,13,59
IDN,13,78
IND,13,239
IRL,13,77
IRN,13,14
IRQ,13,64
ISL,13,126
ISR,13,61
ITA,13,31
JAM,13,285
JOR,13,148
JPN,13,45
KEN,13,145
KHM,13,89
KOR,13,12
KWT,13,318
LAO,13,22
LBN,13,13
LBR,13,12
LBY,13,246
LKA,13,107
MAC,13,66
MAR,13,50
MDG,13,22
MEX,13,0
MLI,13,55
MLT,13,10
MMR,13,7
MNG,13,206
MOZ,13,55
MRT,13,21
MTQ,13,128
MUS,13,0
NCL,13,12
NER,13,50
NGA,13,207
NIC,13,6
NLD,13,89
NOR,13,179
NPL,13,53
NZL,13,202
OMN,13,196
PAK,13,240
PAN,13,19
PCZ,13,94
PER,13,47
PHL,13,2
PNG,13,46
POL,13,140
PRK,13,321
PRT,13,55
PRY,13,205
PYF,13,202
QAT,13,66
REU,13,114
ROU,13,130
RUS,13,55
SAU,13,8
SDN,13,36
SEN,13,168
SGP,13,10
SLE,13,50
SLV,13,179
SOM,13,14
SPM,13,13
SUR,13,50
SWE,13,113
SYR,13,29
TCD,13,164
TGO,13,136
THA,13,136
TLS,13,60
TTO,13,110
TUN,13,113
TUR,13,87
TWN,13,31
UGA,13,146
URY,13,17
USA,13,141
VDR,13,74
VEN,13,60
VNM,13,73
VUT,13,0
WSM,13,66
YEM,13,35
YMD,13,68
YUG,13,17
ZAF,13,39
RWA,13,0
MYS,13,73
AND,13,57
MWI,13,105
TZA,13,36
ZMB,13,79
ZWE,13,15
ARE,13,53
CXR,13,13
STP,13,18
ATG,13,77
BLZ,13,32
CPV,13,250
DMA,13,81
ESH,13,116
FLK,13,20
FRO,13,160
GIB,13,23
GRD,13,100
GRL,13,136
KIR,13,0
KNA,13,23
LCA,13,0
MDV,13,114
NRU,13,97
PCI,13,12
SHN,13,31
SLB,13,273
SYC,13,150
TON,13,206
VCT,13,66
VIR,13,96
CYM,13,25
BGD,13,22
BTN,13,0
MSR,13,183
VGB,13,119
COK,13,31
IOT,13,22
CCK,13,247
NIU,13,36
TCA,13,95
TKL,13,107
TUV,13,0
ABW,13,61
ARM,13,22
ASM,13,69
AZE,13,110
BIH,13,65
BLR,13,26
BWA,13,19
CZE,13,0
ERI,13,0
EST,13,28
FSM,13,39
GEO,13,210
GUM,13,234
HRV,13,208
KAZ,13,78
KGZ,13,0
LSO,13,14
LTU,13,60
LUX,13,66
LVA,13,19
MDA,13,75
MHL,13,203
MKD,13,49
MNE,13,101
MNP,13,43
NAM,13,4
NFK,13,26
PCN,13,44
PLW,13,126
PSE,13,224
SMR,13,17
SRB,13,174
SVK,13,94
SVN,13,59
SWZ,13,186
TJK,13,61
TKM,13,142
UKR,13,300
UZB,13,84
AIA,13,15
ATF,13,65
WLF,13,0
SCG,13,46
UMI,13,55
ATA,13,0
HMD,13,145
MYT,13,18
VAT,13,11
BVT,13,20
SGS,13,19
CUW,13,0
SXM,13,0
SSD,13,242
BES,13,75
BLM,13,144
AFG,14,9
AGO,14,53
ALB,14,5
ANS,14,56
ANT,14,126
ARG,14,110
AUS,14,67
AUT,14,36
BDI,14,75
BEL,14,154
BEN,14,90
BFA,14,68
BGR,14,19
BHR,14,0
BHS,14,37
BMU,14,168
BOL,14,282
BRA,14,59
BRB,14,22
BRN,14,292
CAF,14,47
CAN,14,0
CHE,14,92
CHL,14,70
CHN,14,217
CIV,14,54
CMR,14,78
COD,14,133
COG,14,0
COL,14,187
COM,14,46
CRI,14,36
CSK,14,88
CUB,14,192
CYP,14,83
DEU,14,14
DJI,14,38
DNK,14,0
DOM,14,31
DZA,14,18
ECU,14,189
EGY,14,29
ESP,14,217
ETH,14,109
FIN,14,267
FJI,14,72
FRA,14,29
GAB,14,24
GBR,14,15
GHA,14,34
GIN,14,126
GLP,14,7
GMB,14,56
GNB,14,95
GNQ,14,0
GRC,14,37
GTM,14,0
GUF,14,15
GUY,14,18
HKG,14,124
HND,14,296
HTI,14,337
HUN,14,59
IDN,14,78
IND,14,239
IRL,14,77
IRN,14,14
IRQ,14,64
ISL,14,126
ISR,14,61
ITA,14,31
JAM,14,285
JOR,14,148
JPN,14,45
KEN,14,145
KHM,14,89
KOR,14,12
KWT,14,318
LAO,14,22
LBN,14,13
LBR,14,12
LBY,14,246
LKA,14,107
MAC,14,66
MAR,14,50
MDG,14,22
MEX,14,0
MLI,14,55
MLT,14,10
MMR,14,7
MNG,14,206
MOZ,14,55
MRT,14,21
MTQ,14,128
MUS,14,0
NCL,14,12
NER,14,50
NGA,14,207
NIC,14,6
NLD,14,89
NOR,14,179
NPL,14,53
NZL,14,202
OMN,14,196
PAK,14,240
PAN,14,19
PCZ,14,94
PER,14,47
PHL,14,2
PNG,14,46
POL,14,140
PRK,14,321
PRT,14,55
PRY,14,205
PYF,14,202
QAT,14,66
REU,14,114
ROU,14,130
RUS,14,55
SAU,14,8
SDN,14,36
SEN,14,168
SGP,14,10
SLE,14,50
SLV,14,179
SOM,14,14
SPM,14,13
SUR,14,50
SWE,14,113
SYR,14,29
TCD,14,164
TGO,14,136
THA,14,136
TLS,14,60
TTO,14,110
TUN,14,113
TUR,14,87
TWN,14,31
UGA,14,146
URY,14,17
USA,14,141
VDR,14,74
VEN,14,60
VNM,14,73
VUT,14,0
WSM,14,66
YEM,14,35
YMD,14,68
YUG,14,17
ZAF,14,39
RWA,14,0
MYS,14,73
AND,14,57
MWI,14,105
TZA,14,36
ZMB,14,79
ZWE,14,15
ARE,14,53
CXR,14,13
STP,14,18
ATG,14,77
BLZ,14,32
CPV,14,250
DMA,14,81
ESH,14,116
FLK,14,20
FRO,14,160
GIB,14,23
GRD,14,100
GRL,14,136
KIR,14,0
KNA,14,23
LCA,14,0
MDV,14,114
NRU,14,97
PCI,14,12
SHN,14,31
SLB,14,273
SYC,14,150
TON,14,206
VCT,14,66
VIR,14,96
CYM,14,25
BGD,14,22
BTN,14,0
MSR,14,183
VGB,14,119
COK,14,31
IOT,14,22
CCK,14,247
NIU,14,36
TCA,14,95
TKL,14,107
TUV,14,0
ABW,14,61
ARM,14,22
ASM,14,69
AZE,14,110
BIH,14,65
BLR,14,26
BWA,14,19
CZE,14,0
ERI,14,0
EST,14,28
FSM,14,39
GEO,14,210
GUM,14,234
HRV,14,208
KAZ,14,78
KGZ,14,0
LSO,14,14
LTU,14,60
LUX,14,66
LVA,14,19
MDA,14,75
MHL,14,203
MKD,14,49
MNE,14,101
MNP,14,43
NAM,14,4
NFK,14,26
PCN,14,44
PLW,14,126
PSE,14,224
SMR,14,17
SRB,14,174
SVK,14,94
SVN,14,59
SWZ,14,186
TJK,14,61
TKM,14,142
UKR,14,300
UZB,14,84
AIA,14,15
ATF,14,65
WLF,14,0
SCG,14,46
UMI,14,55
ATA,14,0
HMD,14,145
MYT,14,18
VAT,14,11
BVT,14,20
SGS,14,19
CUW,14,0
SXM,14,0
SSD,14,242
BES,14,75
BLM,14,144
AFG,15,9
AGO,15,53
ALB,15,5
ANS,15,56
ANT,15,126
ARG,15,110
AUS,15,67
AUT,15,36
BDI,15,75
BEL,15,154
BEN,15,90
BFA,15,68
BGR,15,19
BHR,15,0
BHS,15,37
BMU,15,168
BOL,15,282
BRA,15,59
BRB,15,22
BRN,15,292
CAF,15,47
CAN,15,0
CHE,15,92
CHL,15,70
CHN,15,217
CIV,15,54
CMR,15,78
COD,15,133
COG,15,0
COL,15,187
COM,15,46
CRI,15,36
CSK,15,88
CUB,15,192
CYP,15,83
DEU,15,14
DJI,15,38
DNK,15,0
DOM,15,31
DZA,15,18
ECU,15,189
EGY,15,29
ESP,15,217
ETH,15,109
FIN,15,267
FJI,15,72
FRA,15,29
GAB,15,24
GBR,15,15
GHA,15,34
GIN,15,126
GLP,15,7
GMB,15,56
GNB,15,95
GNQ,15,0
GRC,15,37
GTM,15,0
GUF,15,15
GUY,15,18
HKG,15,124
HND,15,296
HTI,15,337
HUN,15,59
IDN,15,78
IND,15,239
IRL,15,77
IRN,15,14
IRQ,15,64
ISL,15,126
ISR,15,61
ITA,15,31
JAM,15,285
JOR,15,148
JPN,15,45
KEN,15,145
KHM,15,89
KOR,15,12
KWT,15,318
LAO,15,22
LBN,15,13
LBR,15,12
LBY,15,246
LKA,15,107
MAC,15,66
MAR,15,50
MDG,15,22
MEX,15,0
MLI,15,55
MLT,15,10
MMR,15,7
MNG,15,206
MOZ,15,55
MRT,15,21
MTQ,15,128
MUS,15,0
NCL,15,12
NER,15,50
NGA,15,207
NIC,15,6
NLD,15,89
NOR,15,179
NPL,15,53
NZL,15,202
OMN,15,196
PAK,15,240
PAN,15,19
PCZ,15,94
PER,15,47
PHL,15,2
PNG,15,46
POL,15,140
PRK,15,321
PRT,15,55
PRY,15,205
PYF,15,202
QAT,15,66
REU,15,114
ROU,15,130
RUS,15,55
SAU,15,8
SDN,15,36
SEN,15,168
SGP,15,10
SLE,15,50
SLV,15,179
SOM,15,14
SPM,15,13
SUR,15,50
SWE,15,113
SYR,15,29
TCD,15,164
TGO,15,136
THA,15,136
TLS,15,60
TTO,15,110
TUN,15,113
TUR,15,87
TWN,15,31
UGA,15,146
URY,15,17
USA,15,141
VDR,15,74
VEN,15,60
VNM,15,73
VUT,15,0
WSM,15,66
YEM,15,35
YMD,15,68
YUG,15,17
ZAF,15,39
RWA,15,0
MYS,15,73
AND,15,57
MWI,15,105
TZA,15,36
ZMB,15,79
ZWE,15,15
ARE,15,53
CXR,15,13
STP,15,18
ATG,15,77
BLZ,15,32
CPV,15,250
DMA,15,81
ESH,15,116
FLK,15,20
FRO,15,160
GIB,15,23
GRD,15,100
GRL,15,136
KIR,15,0
KNA,15,23
LCA,15,0
MDV,15,114
NRU,15,97
PCI,15,12
SHN,15,31
SLB,15,273
SYC,15,150
TON,15,206
VCT,15,66
VIR,15,96
CYM,15,25
BGD,15,22
BTN,15,0
MSR,15,183
VGB,15,119
COK,15,31
IOT,15,22
CCK,15,247
NIU,15,36
TCA,15,95
TKL,15,107
TUV,15,0
ABW,15,61
ARM,15,22
ASM,15,69
AZE,15,110
BIH,15,65
BLR,15,26
BWA,15,19
CZE,15,0
ERI,15,0
EST,15,28
FSM,15,39
GEO,15,210
GUM,15,234
HRV,15,208
KAZ,15,78
KGZ,15,0
LSO,15,14
LTU,15,60
LUX,15,66
LVA,15,19
MDA,15,75
MHL,15,203
MKD,15,49
MNE,15,101
MNP,15,43
NAM,15,4
NFK,15,26
PCN,15,44
PLW,15,126
PSE,15,224
SMR,15,17
SRB,15,174
SVK,15,94
SVN,15,59
SWZ,15,186
TJK,15,61
TKM,15,142
UKR,15,300
UZB,15,84
AIA,15,15
ATF,15,65
WLF,15,0
SCG,15,46
UMI,15,55
ATA,15,0
HMD,15,145
MYT,15,18
VAT,15,11
BVT,15,20
SGS,15,19
CUW,15,0
SXM,15,0
SSD,15,242
BES,15,75
BLM,15,144
AFG,16,9
AGO,16,53
ALB,16,5
ANS,16,56
ANT,16,126
ARG,16,110
AUS,16,67
AUT,16,36
BDI,16,75
BEL,16,154
BEN,16,90
BFA,16,68
BGR,16,19
BHR,16,0
BHS,16,37
BMU,16,168
BOL,16,282
BRA,16,59
BRB,16,22
BRN,16,292
CAF,16,47
CAN,16,0
CHE,16,92
CHL,16,70
CHN,16,217
CIV,16,54
CMR,16,78
COD,16,133
COG,16,0
COL,16,187
COM,16,46
CRI,16,36
CSK,16,88
CUB,16,192
CYP,16,83
DEU,16,14
DJI,16,38
DNK,16,0
DOM,16,31
DZA,16,18
ECU,16,189
EGY,16,29
ESP,16,217
ETH,16,109
FIN,16,267
FJI,16,72
FRA,16,29
GAB,16,24
GBR,16,15
GHA,16,34
GIN,16,126
GLP,16,7
GMB,16,56
GNB,16,95
GNQ,16,0
GRC,16,37
GTM,16,0
GUF,16,15
GUY,16,18
HKG,16,124
HND,16,296
HTI,16,337
HUN,16,59
IDN,16,78
IND,16,239
IRL,16,77
IRN,16,14
IRQ,16,64
ISL,16,126
ISR,16,61
ITA,16,31
JAM,16,285
JOR,16,148
JPN,16,45
KEN,16,145
KHM,16,89
KOR,16,12
KWT,16,318
LAO,16,22
LBN,16,13
LBR,16,12
LBY,16,246
LKA,16,107
MAC,16,66
MAR,16,50
MDG,16,22
MEX,16,0
MLI,16,55
MLT,16,10
MMR,16,7
MNG,16,206
MOZ,16,55
MRT,16,21
MTQ,16,128
MUS,16,0
NCL,16,12
NER,16,50
NGA,16,207
NIC,16,6
NLD,16,89
NOR,16,179
NPL,16,53
NZL,16,202
OMN,16,196
PAK,16,240
PAN,16,19
PCZ,16,94
PER,16,47
PHL,16,2
PNG,16,46
POL,16,140
PRK,16,321
PRT,16,55
PRY,16,205
PYF,16,202
QAT,16,66
REU,16,114
ROU,16,130
RUS,16,55
SAU,16,8
SDN,16,36
SEN,16,168
SGP,16,10
SLE,16,50
SLV,16,179
SOM,16,14
SPM,16,13
SUR,16,50
SWE,16,113
SYR,16,29
TCD,16,164
TGO,16,136
THA,16,136
TLS,16,60
TTO,16,110
TUN,16,113
TUR,16,87
TWN,16,31
UGA,16,146
URY,16,17
USA,16,141
VDR,16,74
VEN,16,60
VNM,16,73
VUT,16,0
WSM,16,66
YEM,16,35
YMD,16,68
YUG,16,17
ZAF,16,39
RWA,16,0
MYS,16,73
AND,16,57
MWI,16,105
TZA,16,36
ZMB,16,79
ZWE,16,15
ARE,16,53
CXR,16,13
STP,16,18
ATG,16,77
BLZ,16,32
CPV,16,250
DMA,16,81
ESH,16,116
FLK,16,20
FRO,16,160
GIB,16,23
GRD,16,100
GRL,16,136
KIR,16,0
KNA,16,23
LCA,16,0
MDV,16,114
NRU,16,97
PCI,16,12
SHN,16,31
SLB,16,273
SYC,16,150
TON,16,206
VCT,16,66
VIR,16,96
CYM,16,25
BGD,16,22
BTN,16,0
MSR,16,183
VGB,16,119
COK,16,31
IOT,16,22
CCK,16,247
NIU,16,36
TCA,16,95
TKL,16,107
TUV,16,0
ABW,16,61
ARM,16,22
ASM,16,69
AZE,16,110
BIH,16,65
BLR,16,26
BWA,16,19
CZE,16,0
ERI,16,0
EST,16,28
FSM,16,39
GEO,16,210
GUM,16,234
HRV,16,208
KAZ,16,78
KGZ,16,0
LSO,16,14
LTU,16,60
LUX,16,66
LVA,16,19
MDA,16,75
MHL,16,203
MKD,16,49
MNE,16,101
MNP,16,43
NAM,16,4
NFK,16,26
PCN,16,44
PLW,16,126
PSE,16,224
SMR,16,17
SRB,16,174
SVK,16,94
SVN,16,59
SWZ,16,186
TJK,16,61
TKM,16,142
UKR,16,300
UZB,16,84
AIA,16,15
ATF,16,65
WLF,16,0
SCG,16,46
UMI,16,55
ATA,16,0
HMD,16,145
MYT,16,18
VAT,16,11
BVT,16,20
SGS,16,19
CUW,16,0
SXM,16,0
SSD,16,242
BES,16,75
BLM,16,144
AFG,17,9
AGO,17,53
ALB,17,5
ANS,17,56
ANT,17,126
ARG,17,110
AUS,17,67
AUT,17,36
BDI,17,75
BEL,17,154
BEN,17,90
BFA,17,68
BGR,17,19
BHR,17,0
BHS,17,37
BMU,17,168
BOL,17,282
BRA,17,59
BRB,17,22
BRN,17,292
CAF,17,47
CAN,17,0
CHE,17,92
CHL,17,70
CHN,17,217
CIV,17,54
CMR,17,78
COD,17,133
COG,17,0
COL,17,187
COM,17,46
CRI,17,36
CSK,17,88
CUB,17,192
CYP,17,83
DEU,17,14
DJI,17,38
DNK,17,0
DOM,17,31
DZA,17,18
ECU,17,189
EGY,17,29
ESP,17,217
ETH,17,109
FIN,17,267
FJI,17,72
FRA,17,29
GAB,17,24
GBR,17,15
GHA,17,34
GIN,17,126
GLP,17,7
GMB,17,56
GNB,17,95
GNQ,17,0
GRC,17,37
GTM,17,0
GUF,17,15
GUY,17,18
HKG,17,124
HND,17,296
HTI,17,337
HUN,17,59
IDN,17,78
IND,17,239
IRL,17,77
IRN,17,14
IRQ,17,64
ISL,17,126
ISR,17,61
ITA,17,31
JAM,17,285
JOR,17,148
JPN,17,45
KEN,17,145
KHM,17,89
KOR,17,12
KWT,17,318
LAO,17,22
LBN,17,13
LBR,17,12
LBY,17,246
LKA,17,107
MAC,17,66
MAR,17,50
MDG,17,22
MEX,17,0
MLI,17,55
MLT,17,10
MMR,17,7
MNG,17,206
MOZ,17,55
MRT,17,21
MTQ,17,128
MUS,17,0
NCL,17,12
NER,17,50
NGA,17,207
NIC,17,6
NLD,17,89
NOR,17,179
NPL,17,53
NZL,17,202
OMN,17,196
PAK,17,240
PAN,17,19
PCZ,17,94
PER,17,47
PHL,17,2
PNG,17,46
POL,17,140
PRK,17,321
PRT,17,55
PRY,17,205
PYF,17,202
QAT,17,66
REU,17,114
ROU,17,130
RUS,17,55
SAU,17,8
SDN,17,36
SEN,17,168
SGP,17,10
SLE,17,50
SLV,17,179
SOM,17,14
SPM,17,13
SUR,17,50
SWE,17,113
SYR,17,29
TCD,17,164
TGO,17,136
THA,17,136
TLS,17,60
TTO,17,110
TUN,17,113
TUR,17,87
TWN,17,31
UGA,17,146
URY,17,17
USA,17,141
VDR,17,74
VEN,17,60
VNM,17,73
VUT,17,0
WSM,17,66
YEM,17,35
YMD,17,68
YUG,17,17
ZAF,17,39
RWA,17,0
MYS,17,73
AND,17,57
MWI,17,105
TZA,17,36
ZMB,17,79
ZWE,17,15
ARE,17,53
CXR,17,13
STP,17,18
ATG,17,77
BLZ,17,32
CPV,17,250
DMA,17,81
ESH,17,116
FLK,17,20
FRO,17,160
GIB,17,23
GRD,17,100
GRL,17,136
KIR,17,0
KNA,17,23
LCA,17,0
MDV,17,114
NRU,17,97
PCI,17,12
SHN,17,31
SLB,17,273
SYC,17,150
TON,17,206
VCT,17,66
VIR,17,96
CYM,17,25
BGD,17,22
BTN,17,0
MSR,17,183
VGB,17,119
COK,17,31
IOT,17,22
CCK,17,247
NIU,17,36
TCA,17,95
TKL,17,107
TUV,17,0
ABW,17,61
ARM,17,22
ASM,17,69
AZE,17,110
BIH,17,65
BLR,17,26
BWA,17,19
CZE,17,0
ERI,17,0
EST,17,28
FSM,17,39
GEO,17,210
GUM,17,234
HRV,17,208
KAZ,17,78
KGZ,17,0
LSO,17,14
LTU,17,60
LUX,17,66
LVA,17,19
MDA,17,75
MHL,17,203
MKD,17,49
MNE,17,101
MNP,17,43
NAM,17,4
NFK,17,26
PCN,17,44
PLW,17,126
PSE,17,224
SMR,17,17
SRB,17,174
SVK,17,94
SVN,17,59
SWZ,17,186
TJK,17,61
TKM,17,142
UKR,17,300
UZB,17,84
AIA,17,15
ATF,17,65
WLF,17,0
SCG,17,46
UMI,17,55
ATA,17,0
HMD,17,145
MYT,17,18
VAT,17,11
BVT,17,20
SGS,17,19
CUW,17,0
SXM,17,0
SSD,17,242
BES,17,75
BLM,17,144
AFG,18,9
AGO,18,53
ALB,18,5
ANS,18,56
ANT,18,126
ARG,18,110
AUS,18,67
AUT,18,36
BDI,18,75
BEL,18,154
BEN,18,90
BFA,18,68
BGR,18,19
BHR,18,0
BHS,18,37
BMU,18,168
BOL,18,282
BRA,18,59
BRB,18,22
BRN,18,292
CAF,18,47
CAN,18,0
CHE,18,92
CHL,18,70
CHN,18,217
CIV,18,54
CMR,18,78
COD,18,133
COG,18,0
COL,18,187
COM,18,46
CRI,18,36
CSK,18,88
CUB,18,192
CYP,18,83
DEU,18,14
DJI,18,38
DNK,18,0
DOM,18,31
DZA,18,18
ECU,18,189
EGY,18,29
ESP,18,217
ETH,18,109
FIN,18,267
FJI,18,72
FRA,18,29
GAB,18,24
GBR,18,15
GHA,18,34
GIN,18,126
GLP,18,7
GMB,18,56
GNB,18,95
GNQ,18,0
GRC,18,37
GTM,18,0
GUF,18,15
GUY,18,18
HKG,18,124
HND,18,296
HTI,18,337
HUN,18,59
IDN,18,78
IND,18,239
IRL,18,77
IRN,18,14
IRQ,18,64
ISL,18,126
ISR,18,61
ITA,18,31
JAM,18,285
JOR,18,148
JPN,18,45
KEN,18,145
KHM,18,89
KOR,18,12
KWT,18,318
LAO,18,22
LBN,18,13
LBR,18,12
LBY,18,246
LKA,18,107
MAC,18,66
MAR,18,50
MDG,18,22
MEX,18,0
MLI,18,55
MLT,18,10
MMR,18,7
MNG,18,206
MOZ,18,55
MRT,18,21
MTQ,18,128
MUS,18,0
NCL,18,12
NER,18,50
NGA,18,207
NIC,18,6
NLD,18,89
NOR,18,179
NPL,18,53
NZL,18,202
OMN,18,196
PAK,18,240
PAN,18,19
PCZ,18,94
PER,18,47
PHL,18,2
PNG,18,46
POL,18,140
PRK,18,321
PRT,18,55
PRY,18,205
PYF,18,202
QAT,18,66
REU,18,114
ROU,18,130
RUS,18,55
SAU,18,8
SDN,18,36
SEN,18,168
SGP,18,10
SLE,18,50
SLV,18,179
SOM,18,14
SPM,18,13
SUR,18,50
SWE,18,113
SYR,18,29
TCD,18,164
TGO,18,136
THA,18,136
TLS,18,60
TTO,18,110
TUN,18,113
TUR,18,87
TWN,18,31
UGA,18,146
URY,18,17
USA,18,141
VDR,18,74
VEN,18,60
VNM,18,73
VUT,18,0
WSM,18,66
YEM,18,35
YMD,18,68
YUG,18,17
ZAF,18,39
RWA,18,0
MYS,18,73
AND,18,57
MWI,18,105
TZA,18,36
ZMB,18,79
ZWE,18,15
ARE,18,53
CXR,18,13
STP,18,18
ATG,18,77
BLZ,18,32
CPV,18,250
DMA,18,81
ESH,18,116
FLK,18,20
FRO,18,160
GIB,18,23
GRD,18,100
GRL,18,136
KIR,18,0
KNA,18,23
LCA,18,0
MDV,18,114
NRU,18,97
PCI,18,12
SHN,18,31
SLB,18,273
SYC,18,150
TON,18,206
VCT,18,66
VIR,18,96
CYM,18,25
BGD,18,22
BTN,18,0
MSR,18,183
VGB,18,119
COK,18,31
IOT,18,22
CCK,18,247
NIU,18,36
TCA,18,95
TKL,18,107
TUV,18,0
ABW,18,61
ARM,18,22
ASM,18,69
AZE,18,110
BIH,18,65
BLR,18,26
BWA,18,19
CZE,18,0
ERI,18,0
EST,18,28
FSM,18,39
GEO,18,210
GUM,18,234
HRV,18,208
KAZ,18,78
KGZ,18,0
LSO,18,14
LTU,18,60
LUX,18,66
LVA,18,19
MDA,18,75
MHL,18,203
MKD,18,49
MNE,18,101
MNP,18,43
NAM,18,4
NFK,18,26
PCN,18,44
PLW,18,126
PSE,18,224
SMR,18,17
SRB,18,174
SVK,18,94
SVN,18,59
SWZ,18,186
TJK,18,61
TKM,18,142
UKR,18,300
UZB,18,84
AIA,18,15
ATF,18,65
WLF,18,0
SCG,18,46
UMI,18,55
ATA,18,0
HMD,18,145
MYT,18,18
VAT,18,11
BVT,18,20
SGS,18,19
CUW,18,0
SXM,18,0
SSD,18,242
BES,18,75
BLM,18,144
AFG,19,9
AGO,19,53
ALB,19,5
ANS,19,56
ANT,19,126
ARG,19,110
AUS,19,67
AUT,19,36
BDI,19,75
BEL,19,154
BEN,19,90
BFA,19,68
BGR,19,19
BHR,19,0
BHS,19,37
BMU,19,168
BOL,19,282
BRA,19,59
BRB,19,22
BRN,19,292
CAF,19,47
CAN,19,0
CHE,19,92
CHL,19,70
CHN,19,217
CIV,19,54
CMR,19,78
COD,19,133
COG,19,0
COL,19,187
COM,19,46
CRI,19,36
CSK,19,88
CUB,19,192
CYP,19,83
DEU,19,14
DJI,19,38
DNK,19,0
DOM,19,31
DZA,19,18
ECU,19,189
EGY,19,29
ESP,19,217
ETH,19,109
FIN,19,267
FJI,19,72
FRA,19,29
GAB,19,24
GBR,19,15
GHA,19,34
GIN,19,126
GLP,19,7
GMB,19,56
GNB,19,95
GNQ,19,0
GRC,19,37
GTM,19,0
GUF,19,15
GUY,19,18
HKG,19,124
HND,19,296
HTI,19,337
HUN,19,59
IDN,19,78
IND,19,239
IRL,19,77
IRN,19,14
IRQ,19,64
ISL,19,126
ISR,19,61
ITA,19,31
JAM,19,285
JOR,19,148
JPN,19,45
KEN,19,145
KHM,19,89
KOR,19,12
KWT,19,318
LAO,19,22
LBN,19,13
LBR,19,12
LBY,19,246
LKA,19,107
MAC,19,66
MAR,19,50
MDG,19,22
MEX,19,0
MLI,19,55
MLT,19,10
MMR,19,7
MNG,19,206
MOZ,19,55
MRT,19,21
MTQ,19,128
MUS,19,0
NCL,19,12
NER,19,50
NGA,19,207
NIC,19,6
NLD,19,89
NOR,19,179
NPL,19,53
NZL,19,202
OMN,19,196
PAK,19,240
PAN,19,19
PCZ,19,94
PER,19,47
PHL,19,2
PNG,19,46
POL,19,140
PRK,19,321
PRT,19,55
PRY,19,205
PYF,19,202
QAT,19,66
REU,19,114
ROU,19,130
RUS,19,55
SAU,19,8
SDN,19,36
SEN,19,168
SGP,19,10
SLE,19,50
SLV,19,179
SOM,19,14
SPM,19,13
SUR,19,50
SWE,19,113
SYR,19,29
TCD,19,164
TGO,19,136
THA,19,136
TLS,19,60
TTO,19,110
TUN,19,113
TUR,19,87
TWN,19,31
UGA,19,146
URY,19,17
USA,19,141
VDR,19,74
VEN,19,60
VNM,19,73
VUT,19,0
WSM,19,66
YEM,19,35
YMD,19,68
YUG,19,17
ZAF,19,39
RWA,19,0
MYS,19,73
AND,19,57
MWI,19,105
TZA,19,36
ZMB,19,79
ZWE,19,15
ARE,19,53
CXR,19,13
STP,19,18
ATG,19,77
BLZ,19,32
CPV,19,250
DMA,19,81
ESH,19,116
FLK,19,20
FRO,19,160
GIB,19,23
GRD,19,100
GRL,19,136
KIR,19,0
KNA,19,23
LCA,19,0
MDV,19,114
NRU,19,97
PCI,19,12
SHN,19,31
SLB,19,273
SYC,19,150
TON,19,206
VCT,19,66
VIR,19,96
CYM,19,25
BGD,19,22
BTN,19,0
MSR,19,183
VGB,19,119
COK,19,31
IOT,19,22
CCK,19,247
NIU,19,36
TCA,19,95
TKL,19,107
TUV,19,0
ABW,19,61
ARM,19,22
ASM,19,69
AZE,19,110
BIH,19,65
BLR,19,26
BWA,19,19
CZE,19,0
ERI,19,0
EST,19,28
FSM,19,39
GEO,19,210
GUM,19,234
HRV,19,208
KAZ,19,78
KGZ,19,0
LSO,19,14
LTU,19,60
LUX,19,66
LVA,19,19
MDA,19,75
MHL,19,203
MKD,19,49
MNE,19,101
MNP,19,43
NAM,19,4
NFK,19,26
PCN,19,44
PLW,19,126
PSE,19,224
SMR,19,17
SRB,19,174
SVK,19,94
SVN,19,59
SWZ,19,186
TJK,19,61
TKM,19,142
UKR,19,300
UZB,19,84
AIA,19,15
ATF,19,65
WLF,19,0
SCG,19,46
UMI,19,55
ATA,19,0
HMD,19,145
MYT,19,18
VAT,19,11
BVT,19,20
SGS,19,19
CUW,19,0
SXM,19,0
SSD,19,242
BES,19,75
BLM,19,144
AFG,20,9
AGO,20,53
ALB,20,5
ANS,20,56
ANT,20,126
ARG,20,110
AUS,20,67
AUT,20,36
BDI,20,75
BEL,20,154
BEN,20,90
BFA,20,68
BGR,20,19
BHR,20,0
BHS,20,37
BMU,20,168
BOL,20,282
BRA,20,59
BRB,20,22
BRN,20,292
CAF,20,47
CAN,20,0
CHE,20,92
CHL,20,70
CHN,20,217
CIV,20,54
CMR,20,78
COD,20,133
COG,20,0
COL,20,187
COM,20,46
CRI,20,36
CSK,20,88
CUB,20,192
CYP,20,83
DEU,20,14
DJI,20,38
DNK,20,0
DOM,20,31
DZA,20,18
ECU,20,189
EGY,20,29
ESP,20,217
ETH,20,109
FIN,20,267
FJI,20,72
FRA,20,29
GAB,20,24
GBR,20,15
GHA,20,34
GIN,20,126
GLP,20,7
GMB,20,56
GNB,20,95
GNQ,20,0
GRC,20,37
GTM,20,0
GUF,20,15
GUY,20,18
HKG,20,124
HND,20,296
HTI,20,337
HUN,20,59
IDN,20,78
IND,20,239
IRL,20,77
IRN,20,14
IRQ,20,64
ISL,20,126
ISR,20,61
ITA,20,31
JAM,20,285
JOR,20,148
JPN,20,45
KEN,20,145
KHM,20,89
KOR,20,12
KWT,20,318
LAO,20,22
LBN,20,13
LBR,20,12
LBY,20,246
LKA,20,107
MAC,20,66
MAR,20,50
MDG,20,22
MEX,20,0
MLI,20,55
MLT,20,10
MMR,20,7
MNG,20,206
MOZ,20,55
MRT,20,21
MTQ,20,128
MUS,20,0
NCL,20,12
NER,20,50
NGA,20,207
NIC,20,6
NLD,20,89
NOR,20,179
NPL,20,53
NZL,20,202
OMN,20,196
PAK,20,240
PAN,20,19
PCZ,20,94
PER,20,47
PHL,20,2
PNG,20,46
POL,20,140
PRK,20,321
PRT,20,55
PRY,20,205
PYF,20,202
QAT,20,66
REU,20,114
ROU,20,130
RUS,20,55
SAU,20,8
SDN,20,36
SEN,20,168
SGP,20,10
SLE,20,50
SLV,20,179
SOM,20,14
SPM,20,13
SUR,20,50
SWE,20,113
SYR,20,29
TCD,20,164
TGO,20,136
THA,20,136
TLS,20,60
TTO,20,110
TUN,20,113
TUR,20,87
TWN,20,31
UGA,20,146
URY,20,17
USA,20,141
VDR,20,74
VEN,20,60
VNM,20,73
VUT,20,0
WSM,20,66
YEM,20,35
YMD,20,68
YUG,20,17
ZAF,20,39
RWA,20,0
MYS,20,73
AND,20,57
MWI,20,105
TZA,20,36
ZMB,20,79
ZWE,20,15
ARE,20,53
CXR,20,13
STP,20,18
ATG,20,77
BLZ,20,32
CPV,20,250
DMA,20,81
ESH,20,116
FLK,20,20
FRO,20,160
GIB,20,23
GRD,20,100
GRL,20,136
KIR,20,0
KNA,20,23
LCA,20,0
MDV,20,114
NRU,20,97
PCI,20,12
SHN,20,31
SLB,20,273
SYC,20,150
TON,20,206
VCT,20,66
VIR,20,96
CYM,20,25
BGD,20,22
BTN,20,0
MSR,20,183
VGB,20,119
COK,20,31
IOT,20,22
CCK,20,247
NIU,20,36
TCA,20,95
TKL,20,107
TUV,20,0
ABW,20,61
ARM,20,22
ASM,20,69
AZE,20,110
BIH,20,65
BLR,20,26
BWA,20,19
CZE,20,0
ERI,20,0
EST,20,28
FSM,20,39
GEO,20,210
GUM,20,234
HRV,20,208
KAZ,20,78
KGZ,20,0
LSO,20,14
LTU,20,60
LUX,20,66
LVA,20,19
MDA,20,75
MHL,20,203
MKD,20,49
MNE,20,101
MNP,20,43
NAM,20,4
NFK,20,26
PCN,20,44
PLW,20,126
PSE,20,224
SMR,20,17
SRB,20,174
SVK,20,94
SVN,20,59
SWZ,20,186
TJK,20,61
TKM,20,142
UKR,20,300
UZB,20,84
AIA,20,15
ATF,20,65
WLF,20,0
SCG,20,46
UMI,20,55
ATA,20,0
HMD,20,145
MYT,20,18
VAT,20,11
BVT,20,20
SGS,20,19
CUW,20,0
SXM,20,0
SSD,20,242
BES,20,75
BLM,20,144
